[
    {
      "user": "Sam Minnée",
      "action": "reviewed",
      "title": "The House With No Windows",
      "comment": "Awesome solitary confinement, mate. Spot on. Sweet as.",
      "time": "Just now",
      "image": "http://placehold.it/70x70",
      "link": "#"
    },
    {
      "user": "Ingo Schoomer",
      "action": "asked a question about",
      "title": "The Mistake by the Lake",
      "comment": "Has this house been unit tested?",
      "time": "37 minutes ago",
      "image": "http://placehold.it/70x70",
      "link": "#"
    }
  ]
  