[
    {
      "name": "Rhovanion",
      "image": "http://placehold.it/194x194"
    },
    {
      "name": "Eriador",
      "image": "http://placehold.it/194x194"
    },
    {
      "name": "Bay of Belfalas",
      "image": "http://placehold.it/194x194"
    },
    {
      "name": "Mordor",
      "image": "http://placehold.it/194x194"
    },
    {
      "name": "The Southwest",
      "image": "http://placehold.it/194x194"
    },
    {
      "name": "Arnor",
      "image": "http://placehold.it/194x194"
    }
  ]
  